codigo,nombre_asp,cat_manejo,area_m2,vertices,cx_a,cy_a,cx_b,cy_b,dx_m,dy_m,desplazamiento_m
P16,Cahuita,Parque Nacional,233179449.22964287,558,638907.9745722738,1082117.4148099634,638907.9745722738,1082117.4148099634,0,0,0
P16,Cahuita,Parque Nacional,10761354.714368155,891,630083.048942518,1074236.0597901824,630083.048942518,1074236.0597901824,0,0,0
B06,Hitoy Cerere,Reserva Biologica,99785030.9638719,546,600582.0339017638,1066802.8777163436,600582.0339017638,1066802.8777163436,0,0,0
P19,Barbilla,Parque Nacional,119134861.93042748,1370,563560.2621352726,1099251.2358368058,563560.2621352726,1099251.2358368058,0,0,0
P11,Tortuguero,Parque Nacional,502765438.74488413,242,569679.1530102979,1161091.7834810882,569679.1530102979,1161091.7834810882,0,0,0
P11,Tortuguero,Parque Nacional,264558411.337063,1993,553335.7209739737,1157169.7613806261,553335.7209739737,1157169.7613806261,0,0,0
P24,Tapanti-Macizo de la Muerte,Parque Nacional,27983.117977917616,45,540803.8944284671,1061399.3753112026,540803.8944284671,1061399.3753112026,0,0,0
P17,Chirripo,Parque Nacional,506662957.30382556,286,553959.282716781,1050660.241123686,553959.282716781,1050660.241123686,0,0,0
P04,Volcan Turrialba,Parque Nacional,12563506.340997957,364,525784.485759809,1107794.4552097488,525784.485759809,1107794.4552097488,0,0,0
P28,Los Quetzales,Parque Nacional,41020379.40489316,398,518475.2404852935,1059919.4630716827,518475.2404852935,1059919.4630716827,0,0,0
B08,Cerro Las Vueltas,Reserva Biologica,7932719.334618345,43,515459.2631385268,1063208.422973385,515459.2631385268,1063208.422973385,0,0,0
P23,Volcan Irazu,Parque Nacional,19973148.99839565,481,515323.18096959335,1102964.212249486,515323.18096959335,1102964.212249486,0,0,0
P24,Tapanti-Macizo de la Muerte,Parque Nacional,583176682.0264585,2830,531849.971952812,1069657.267052858,531849.971952812,1069657.267052858,0,0,0
P02,Braulio Carrillo,Parque Nacional,499214422.2035998,4654,497822.2702658858,1125229.1451996455,497822.2702658858,1125229.1451996455,0,0,0
P05,Volcan Poas,Parque Nacional,65586187.486400425,408,474976.90544673207,1128940.5709245338,474976.90544673207,1128940.5709245338,0,0,0
P03,Juan Castro Blanco,Parque Nacional,142880022.78254738,1873,463905.1955407932,1137252.0603938575,463905.1955407932,1137252.0603938575,0,0,0
P26,La Cangreja,Parque Nacional,25733868.167761877,1781,458734.0871617671,1074094.072834037,458734.0871617671,1074094.072834037,0,0,0
P25,Carara,Parque Nacional,53300877.55373793,2385,438056.21772434865,1081653.9651421623,438056.21772434865,1081653.9651421623,0,0,0
B01,Alberto Manuel Brenes,Reserva Biologica,77997742.3816979,13,430877.9432178017,1132404.034087142,430877.9432178017,1132404.034087142,0,0,0
P01,Arenal,Parque Nacional,119448293.41937628,2531,419523.16531493946,1152635.7926541173,419523.16531493946,1152635.7926541173,0,0,0
B05,Islas Negritos,Reserva Biologica,1212216.0192321937,2595,406944.1257218368,1086139.433178271,406944.1257218368,1086139.433178271,0,0,0
B03,Isla Guayabo,Reserva Biologica,62682.76349701919,22,403628.52249719045,1096088.7514142778,403628.52249719045,1096088.7514142778,0,0,0
B04,Isla Pajaros,Reserva Biologica,32118.824184992583,26,390778.167017715,1116292.344832696,390778.167017715,1116292.344832696,0,0,0
P22,Volcan Tenorio,Parque Nacional,128989920.97304288,1428,392622.3983425472,1178507.2372662504,392622.3983425472,1178507.2372662504,0,0,0
P29,Miravalles-Jorge Manuel Dengo,Parque Nacional,42335218.391460404,729,375785.5203769559,1186921.6456533764,375785.5203769559,1186921.6456533764,0,0,0
P06,Barra Honda,Parque Nacional,22963413.748569578,24,352653.1127688509,1126432.1971545767,352653.1127688509,1126432.1971545767,0,0,0
B07,Lomas de Barbudal,Reserva Biologica,34894450.320496395,882,353525.8728536087,1157134.7696327656,353525.8728536087,1157134.7696327656,0,0,0
P09,Rincon de la Vieja,Parque Nacional,158762817.89811754,1142,355693.5068094891,1194227.294502552,355693.5068094891,1194227.294502552,0,0,0
P21,Palo Verde,Parque Nacional,182548338.64571786,5522,356695.67883130914,1144059.314370828,356695.67883130914,1144059.314370828,0,0,0
P08,Guanacaste,Parque Nacional,340770194.480254,1658,333202.58216377,1211695.283831628,333202.58216377,1211695.283831628,0,0,0
P27,Diria,Parque Nacional,55489418.25104394,1409,325278.288316492,1123951.4336369582,325278.288316492,1123951.4336369582,0,0,0
P07,Marino las Baulas de Guanacaste,Parque Nacional,119829.72550997068,78,296947.5708083548,1139490.1223379325,296947.5708083548,1139490.1223379325,0,0,0
P07,Marino las Baulas de Guanacaste,Parque Nacional,9446930.409767387,4067,297933.48106750095,1142139.1029470302,297933.48106750095,1142139.1029470302,0,0,0
P10,Santa Rosa,Parque Nacional,386535281.5428957,8177,311041.4205756543,1202541.9101426464,311041.4205756543,1202541.9101426464,0,0,0
P10,Santa Rosa,Parque Nacional,3233054.518109049,897,292514.0960618581,1202153.3395278198,292514.0960618581,1202153.3395278198,0,0,0
P10,Santa Rosa,Parque Nacional,425599045.70565575,3947,302861.8119426562,1191139.9732045678,302861.8119426562,1191139.9732045678,0,0,0
P07,Marino las Baulas de Guanacaste,Parque Nacional,245285486.37629807,2097,285649.2063547005,1141768.8094132447,285649.2063547005,1141768.8094132447,0,0,0
B09,Bicentenario de la República - Pájaro Campana,Reserva Biologica,50837491.720344506,157,630417.4489804786,992968.4085120199,630417.4489804786,992968.4085120199,0,0,0
P13,Piedras Blancas,Parque Nacional,141334123.28661692,1281,581376.6052340192,962899.945889122,581376.6052340192,962899.945889122,0,0,0
P13,Piedras Blancas,Parque Nacional,18178887.348684967,3968,573352.400876445,960434.9271547105,573352.400876445,960434.9271547105,0,0,0
P12,Corcovado,Parque Nacional,422263457.935207,994,546966.8623028494,945091.8632394661,546966.8623028494,945091.8632394661,0,0,0
P12,Corcovado,Parque Nacional,20319829.768556796,447,540775.2377532492,941174.1442831828,540775.2377532492,941174.1442831828,0,0,0
P14,Marino Ballena,Parque Nacional,1768472.7315146793,694,528907.6939010934,1011247.7030620178,528907.6939010934,1011247.7030620178,0,0,0
P14,Marino Ballena,Parque Nacional,51908932.09792544,131,528026.5935027949,1008537.0819914546,528026.5935027949,1008537.0819914546,0,0,0
B02,Isla del Cano,Reserva Biologica,3259465.4486748287,298,513292.7668096968,962691.3765913604,513292.7668096968,962691.3765913604,0,0,0
B02,Isla del Cano,Reserva Biologica,52014744.25783556,441,513230.32197800075,962737.3740322303,513230.32197800075,962737.3740322303,0,0,0
P15,Manuel Antonio,Parque Nacional,17522396.152593583,1077,491082.3262182834,1036103.3680230415,491082.3262182834,1036103.3680230415,0,0,0
P15,Manuel Antonio,Parque Nacional,256694987.0476599,147,473723.4230939255,1003734.2844174162,473723.4230939255,1003734.2844174162,0,0,0
P20,Isla del Coco,Parque Nacional,23378553.631765284,302,160712.9639168788,612185.557867315,160712.9639168788,612185.557867315,0,0,0
P20,Isla del Coco,Parque Nacional,55050789952.8776,307,92072.6082694105,596517.7059990435,92072.6082694105,596517.7059990435,0,0,0
