clase_v3,clase_v4,celdas
1,1,734572
2,3,63816
2,5,112
2,6,37
2,7,792
2,8,95
2,9,2208682
2,10,11120
2,12,141453
2,13,701487
2,14,31
2,15,62563901
2,16,297741
2,17,6745
2,18,58393
2,NA,67780
3,3,2409553
4,3,14745
4,5,11932
4,7,1915
4,9,270844
4,10,4593
4,11,1599
4,12,81203
4,13,761
4,14,3318
4,15,2973609
4,16,14914
4,17,1611
4,18,4974
4,NA,1109
5,5,6246158
6,6,5436647
7,7,9343186
8,8,97231
9,9,133172920
10,10,7355831
11,11,6508660
12,12,32678316
13,13,37755
14,14,2841281
15,15,225538073
16,16,3278816
17,17,4631015
18,18,1036520
NA,NA,798783282
